<?xml version="1.0" encoding="utf-8"?>
<AlgoExplorerPresentation>
	<Title><![CDATA[Esempi di visualizzazione didattica di algoritmi con l'ausilio di AlgoExplorer Viewer]]></Title>
	<Description><![CDATA[In questa presentazione viene mostrato un esempio di utilizzo del visualizzatore web di AlgoExplorer scritto in Adobe Flex 3.5 e chiamato  AlgoExplorer Viewer; la visualizzazione delle slide avviene attraverso la lettura di un file XML, generato da AlgoExplorer, che descrive le istanze da visualizzare in forma vettoriale e completamente editabile con un qualsiasi editor testuale.

Il primo algoritmo esaminato in questa presentazione è l'albero AVL, successivamente verrà presentato l'algoritmo di Dijkstra su un grafo.

Usare i pulsanti in alto a destra per scorrere le slides in avanti e indietro.]]></Description>
	<ExportFrames>
		<GraphFrame id="0">
			<Title><![CDATA[Inserimento Right Right Case (DD)]]></Title>
			<Description><![CDATA[Inserimento nodo con valore 10]]></Description>
			<GraphElements>
				<Cell id="1046" label=" &quot;10&quot; (ID:1046) " x="107" y="30" width="78" height="16" background="#ffffcc" foreground="#000000" />
			</GraphElements>
		</GraphFrame>
		<GraphFrame id="1">
			<Title><![CDATA[Inserimento Right Right Case (DD)]]></Title>
			<Description><![CDATA[Inserimento a destra di un nodo con valore 13]]></Description>
			<GraphElements>
				<Cell id="1059" label=" &quot;13&quot; (ID:1059) " x="212" y="130" width="78" height="16" background="#ffffcc" foreground="#000000" />
				<Cell id="1046" label=" &quot;10&quot; (ID:1046) " x="107" y="30" width="78" height="16" background="#ffffcc" foreground="#000000" />
				<Edge id="1046" label="right" direct="true" xFrom="154.4" yFrom="46" xTo="242.6" yTo="130" />
			</GraphElements>
		</GraphFrame>
		<GraphFrame id="2">
			<Title><![CDATA[Inserimento Right Right Case (DD)]]></Title>
			<Description><![CDATA[Inizio inserimento nodo con valore 15]]></Description>
			<GraphElements>
				<Cell id="1065" label=" &quot;15&quot; (ID:1065) " x="321" y="251" width="78" height="16" background="#ffffcc" foreground="#000000" />
				<Cell id="1059" label=" &quot;13&quot; (ID:1059) " x="212" y="130" width="78" height="16" background="#ffffcc" foreground="#000000" />
				<Cell id="1046" label=" &quot;10&quot; (ID:1046) " x="107" y="30" width="78" height="16" background="#ffffcc" foreground="#000000" />
				<Edge id="1059" label="right" direct="true" xFrom="258.21" yFrom="146" xTo="352.79" yTo="251" />
				<Edge id="1046" label="right" direct="true" xFrom="154.4" yFrom="46" xTo="242.6" yTo="130" />
			</GraphElements>
		</GraphFrame>
		<GraphFrame id="3">
			<Title><![CDATA[Inserimento Right Right Case (DD)]]></Title>
			<Description><![CDATA[Inizio rotazione sinistra]]></Description>
			<GraphElements>
				<Cell id="1065" label=" &quot;15&quot; (ID:1065) " x="321" y="251" width="78" height="16" background="#ffffcc" foreground="#000000" />
				<Cell id="1059" label=" &quot;13&quot; (ID:1059) " x="212" y="130" width="78" height="16" background="#ffffcc" foreground="#000000" />
				<Cell id="1046" label=" &quot;10&quot; (ID:1046) " x="107" y="30" width="78" height="16" background="#ffffcc" foreground="#000000" />
				<Edge id="1059" label="right" direct="true" xFrom="258.21" yFrom="146" xTo="352.79" yTo="251" />
				<Edge id="1059" label="left" direct="true" xFrom="242.6" yFrom="130" xTo="154.4" yTo="46" />
			</GraphElements>
		</GraphFrame>
		<GraphFrame id="4">
			<Title><![CDATA[Inserimento Right Right Case (DD)]]></Title>
			<Description><![CDATA[Completamento dell'inserimento con rotazione sinistra]]></Description>
			<GraphElements>
				<Cell id="1065" label=" &quot;15&quot; (ID:1065) " x="303" y="140" width="78" height="16" background="#ffffcc" foreground="#000000" />
				<Cell id="1059" label=" &quot;13&quot; (ID:1059) " x="237" y="33" width="78" height="16" background="#ffffcc" foreground="#000000" />
				<Cell id="1046" label=" &quot;10&quot; (ID:1046) " x="165" y="140" width="78" height="16" background="#ffffcc" foreground="#000000" />
				<Edge id="1059" label="right" direct="true" xFrom="280.93" yFrom="49" xTo="337.07" yTo="140" />
				<Edge id="1059" label="left" direct="true" xFrom="270.62" yFrom="49" xTo="209.38" yTo="140" />
			</GraphElements>
		</GraphFrame>
		
		<GraphFrame id="0">
			<Title><![CDATA[Inserimento Left Right Case (DS)]]></Title>
			<Description><![CDATA[Inserimento nodo con valore 10]]></Description>
			<GraphElements>
				<Cell id="1054" label=" &quot;10&quot; (ID:1054) " x="144" y="49" width="78" height="16" background="#ffffcc" foreground="#000000" />
			</GraphElements>
		</GraphFrame>
		<GraphFrame id="1">
			<Title><![CDATA[Inserimento Left Right Case (DS)]]></Title>
			<Description><![CDATA[Inserimento a sinistra di un nodo con valore 5]]></Description>
			<GraphElements>
				<Cell id="1054" label=" &quot;10&quot; (ID:1054) " x="144" y="49" width="78" height="16" background="#ffffcc" foreground="#000000" />
				<Cell id="1061" label=" &quot;5&quot; (ID:1061) " x="65" y="137" width="72" height="16" background="#ffffcc" foreground="#000000" />
				<Edge id="1054" label="left" direct="true" xFrom="175.55" yFrom="65" xTo="108.45" yTo="137" />
			</GraphElements>
		</GraphFrame>
		<GraphFrame id="2">
			<Title><![CDATA[Inserimento Left Right Case (DS)]]></Title>
			<Description><![CDATA[Inizio inserimento nodo con valore 8]]></Description>
			<GraphElements>
				<Cell id="1067" label=" &quot;8&quot; (ID:1067) " x="137" y="230" width="72" height="16" background="#ffffcc" foreground="#000000" />
				<Cell id="1054" label=" &quot;10&quot; (ID:1054) " x="144" y="49" width="78" height="16" background="#ffffcc" foreground="#000000" />
				<Cell id="1061" label=" &quot;5&quot; (ID:1061) " x="65" y="137" width="72" height="16" background="#ffffcc" foreground="#000000" />
				<Edge id="1054" label="left" direct="true" xFrom="175.55" yFrom="65" xTo="108.45" yTo="137" />
				<Edge id="1061" label="right" direct="true" xFrom="107.19" yFrom="153" xTo="166.81" yTo="230" />
			</GraphElements>
		</GraphFrame>
		<GraphFrame id="3">
			<Title><![CDATA[Inserimento Left Right Case (DS)]]></Title>
			<Description><![CDATA[Inizio rotazione sinistra]]></Description>
			<GraphElements>
				<Cell id="1067" label=" &quot;8&quot; (ID:1067) " x="254" y="49" width="72" height="16" background="#ffffcc" foreground="#000000" />
				<Cell id="1054" label=" &quot;10&quot; (ID:1054) " x="144" y="49" width="78" height="16" background="#ffffcc" foreground="#000000" />
				<Cell id="1061" label=" &quot;5&quot; (ID:1061) " x="65" y="137" width="72" height="16" background="#ffffcc" foreground="#000000" />
				<Edge id="1054" label="left" direct="true" xFrom="175.55" yFrom="65" xTo="108.45" yTo="137" />
				<Edge id="1067" label="left" direct="true" xFrom="272.82" yFrom="65" xTo="118.18" yTo="137" />
			</GraphElements>
		</GraphFrame>
		<GraphFrame id="4">
			<Title><![CDATA[Inserimento Left Right Case (DS)]]></Title>
			<Description><![CDATA[Completamento rotazione sinistra]]></Description>
			<GraphElements>
				<Cell id="1067" label=" &quot;8&quot; (ID:1067) " x="91" y="114" width="72" height="16" background="#ffffcc" foreground="#000000" />
				<Cell id="1054" label=" &quot;10&quot; (ID:1054) " x="144" y="49" width="78" height="16" background="#ffffcc" foreground="#000000" />
				<Cell id="1061" label=" &quot;5&quot; (ID:1061) " x="42" y="182" width="72" height="16" background="#ffffcc" foreground="#000000" />
				<Edge id="1067" label="left" direct="true" xFrom="121.24" yFrom="130" xTo="83.76" yTo="182" />
				<Edge id="1054" label="left" direct="true" xFrom="176.11" yFrom="65" xTo="133.89" yTo="114" />
			</GraphElements>
		</GraphFrame>
		<GraphFrame id="5">
			<Title><![CDATA[Inserimento Left Right Case (DS)]]></Title>
			<Description><![CDATA[Inizio rotazione destra]]></Description>
			<GraphElements>
				<Cell id="1067" label=" &quot;8&quot; (ID:1067) " x="91" y="114" width="72" height="16" background="#ffffcc" foreground="#000000" />
				<Cell id="1054" label=" &quot;10&quot; (ID:1054) " x="144" y="49" width="78" height="16" background="#ffffcc" foreground="#000000" />
				<Cell id="1061" label=" &quot;5&quot; (ID:1061) " x="42" y="182" width="72" height="16" background="#ffffcc" foreground="#000000" />
				<Edge id="1067" label="right" direct="true" xFrom="133.89" yFrom="114" xTo="176.11" yTo="65" />
				<Edge id="1067" label="left" direct="true" xFrom="121.24" yFrom="130" xTo="83.76" yTo="182" />
			</GraphElements>
		</GraphFrame>
		<GraphFrame id="6">
			<Title><![CDATA[Inserimento Left Right Case (DS)]]></Title>
			<Description><![CDATA[Completamento rotazione destra]]></Description>
			<GraphElements>
				<Cell id="1067" label=" &quot;8&quot; (ID:1067) " x="114" y="47" width="72" height="16" background="#ffffcc" foreground="#000000" />
				<Cell id="1054" label=" &quot;10&quot; (ID:1054) " x="175" y="135" width="78" height="16" background="#ffffcc" foreground="#000000" />
				<Cell id="1061" label=" &quot;5&quot; (ID:1061) " x="56" y="135" width="72" height="16" background="#ffffcc" foreground="#000000" />
				<Edge id="1067" label="right" direct="true" xFrom="155.82" yFrom="63" xTo="208.18" yTo="135" />
				<Edge id="1067" label="left" direct="true" xFrom="144.73" yFrom="63" xTo="97.27" yTo="135" />
			</GraphElements>
		</GraphFrame>
				
		<GraphFrame id="0">
			<Title><![CDATA[Esempio di un Albero AVL]]></Title>
			<Description><![CDATA[Visualizzazione albero AVL completo con 14 nodi]]></Description>
			<GraphElements>
				<Cell id="1134" label=" &quot;7&quot; (ID:1134) " x="277" y="218" width="72" height="16" background="#ffffcc" foreground="#000000" />
				<Cell id="1064" label=" &quot;12&quot; (ID:1064) " x="509" y="89" width="78" height="16" background="#ffffcc" foreground="#000000" />
				<Cell id="1069" label=" &quot;2&quot; (ID:1069) " x="62" y="142" width="72" height="16" background="#ffffcc" foreground="#000000" />
				<Cell id="1099" label=" &quot;1&quot; (ID:1099) " x="9" y="216" width="72" height="16" background="#ffffcc" foreground="#000000" />
				<Cell id="1058" label=" &quot;4&quot; (ID:1058) " x="151" y="87" width="72" height="16" background="#ffffcc" foreground="#000000" />
				<Cell id="1161" label=" &quot;11&quot; (ID:1161) " x="456" y="218" width="78" height="16" background="#ffffcc" foreground="#000000" />
				<Cell id="1122" label=" &quot;5&quot; (ID:1122) " x="188" y="218" width="72" height="16" background="#ffffcc" foreground="#000000" />
				<Cell id="1090" label=" &quot;14&quot; (ID:1090) " x="612" y="142" width="78" height="16" background="#ffffcc" foreground="#000000" />
				<Cell id="1082" label=" &quot;10&quot; (ID:1082) " x="399" y="147" width="78" height="16" background="#ffffcc" foreground="#000000" />
				<Cell id="1051" label=" &quot;8&quot; (ID:1051) " x="319" y="23" width="72" height="16" background="#ffffcc" foreground="#000000" />
				<Cell id="1147" label=" &quot;9&quot; (ID:1147) " x="362" y="218" width="72" height="16" background="#ffffcc" foreground="#000000" />
				<Cell id="1176" label=" &quot;13&quot; (ID:1176) " x="564" y="220" width="78" height="16" background="#ffffcc" foreground="#000000" />
				<Cell id="1075" label=" &quot;6&quot; (ID:1075) " x="234" y="144" width="72" height="16" background="#ffffcc" foreground="#000000" />
				<Cell id="1111" label=" &quot;3&quot; (ID:1111) " x="105" y="220" width="72" height="16" background="#ffffcc" foreground="#000000" />
				<Edge id="1069" label="left" direct="true" xFrom="92.27" yFrom="158" xTo="50.73" yTo="216" />
				<Edge id="1058" label="right" direct="true" xFrom="198.65" yFrom="103" xTo="258.35" yTo="144" />
				<Edge id="1058" label="left" direct="true" xFrom="174.05" yFrom="103" xTo="110.95" yTo="142" />
				<Edge id="1064" label="right" direct="true" xFrom="563.55" yFrom="105" xTo="635.45" yTo="142" />
				<Edge id="1051" label="left" direct="true" xFrom="334" yFrom="39" xTo="208" yTo="87" />
				<Edge id="1075" label="left" direct="true" xFrom="265.03" yFrom="160" xTo="228.97" yTo="218" />
				<Edge id="1075" label="right" direct="true" xFrom="274.65" yFrom="160" xTo="308.35" yTo="218" />
				<Edge id="1082" label="right" direct="true" xFrom="444.42" yFrom="163" xTo="488.58" yTo="218" />
				<Edge id="1069" label="right" direct="true" xFrom="102.41" yFrom="158" xTo="136.59" yTo="220" />
				<Edge id="1090" label="left" direct="true" xFrom="646.08" yFrom="158" xTo="607.92" yTo="220" />
				<Edge id="1064" label="left" direct="true" xFrom="532.83" yFrom="105" xTo="453.17" yTo="147" />
				<Edge id="1082" label="left" direct="true" xFrom="433.49" yFrom="163" xTo="402.51" yTo="218" />
				<Edge id="1051" label="right" direct="true" xFrom="378.39" yFrom="39" xTo="524.61" yTo="89" />
			</GraphElements>
		</GraphFrame>
		
		<GraphFrame id="0">
			<Title><![CDATA[Visualizzazione di un Grafo con 7 nodi con pesi sugli archi unitari]]></Title>
			<Description><![CDATA[]]></Description>
			<GraphElements>
				<Cell id="171" label=" &quot;N:1&quot; (ID:171) " x="327" y="79" width="77" height="16" background="#ffff33" foreground="#000000" />
				<Cell id="170" label=" &quot;N:0&quot; (ID:170) " x="159" y="31" width="77" height="16" background="#ffff33" foreground="#000000" />
				<Cell id="175" label=" &quot;N:5&quot; (ID:175) " x="67" y="325" width="77" height="16" background="#ffff33" foreground="#000000" />
				<Cell id="174" label=" &quot;N:4&quot; (ID:174) " x="39" y="125" width="77" height="16" background="#ffff33" foreground="#000000" />
				<Cell id="173" label=" &quot;N:3&quot; (ID:173) " x="258" y="205" width="77" height="16" background="#ffff33" foreground="#000000" />
				<Cell id="172" label=" &quot;N:2&quot; (ID:172) " x="482" y="181" width="77" height="16" background="#ffff33" foreground="#000000" />
				<Cell id="176" label=" &quot;N:6&quot; (ID:176) " x="388" y="349" width="77" height="16" background="#ffff33" foreground="#000000" />
				<Edge id="171" label="adjacencies" direct="false" xFrom="337.5" yFrom="79" xTo="225.5" yTo="47" />
				<Edge id="173" label="adjacencies" direct="false" xFrom="300.88" yFrom="205" xTo="361.12" yTo="95" />
				<Edge id="171" label="adjacencies" direct="false" xFrom="377.66" yFrom="95" xTo="508.34" yTo="181" />
				<Edge id="172" label="adjacencies" direct="false" xFrom="508.34" yFrom="181" xTo="377.66" yTo="95" />
				<Edge id="170" label="adjacencies" direct="false" xFrom="225.5" yFrom="47" xTo="337.5" yTo="79" />
				<Edge id="173" label="adjacencies" direct="false" xFrom="274.6" yFrom="205" xTo="99.4" yTo="141" />
				<Edge id="174" label="adjacencies" direct="false" xFrom="99.4" yFrom="141" xTo="274.6" yTo="205" />
				<Edge id="176" label="adjacencies" direct="false" xFrom="430.98" yFrom="349" xTo="516.02" yTo="197" />
				<Edge id="172" label="adjacencies" direct="false" xFrom="516.02" yFrom="197" xTo="430.98" yTo="349" />
				<Edge id="173" label="adjacencies" direct="false" xFrom="283.77" yFrom="221" xTo="118.23" yTo="325" />
				<Edge id="175" label="adjacencies" direct="false" xFrom="118.23" yFrom="325" xTo="283.77" yTo="221" />
				<Edge id="175" label="adjacencies" direct="false" xFrom="104.38" yFrom="325" xTo="78.62" yTo="141" />
				<Edge id="176" label="adjacencies" direct="false" xFrom="388" yFrom="354.12" xTo="144" yTo="335.88" />
				<Edge id="174" label="adjacencies" direct="false" xFrom="87.71" yFrom="125" xTo="187.29" yTo="47" />
				<Edge id="175" label="adjacencies" direct="false" xFrom="144" yFrom="335.88" xTo="388" yTo="354.12" />
				<Edge id="171" label="adjacencies" direct="false" xFrom="361.12" yFrom="95" xTo="300.88" yTo="205" />
				<Edge id="170" label="adjacencies" direct="false" xFrom="187.29" yFrom="47" xTo="87.71" yTo="125" />
				<Edge id="174" label="adjacencies" direct="false" xFrom="78.62" yFrom="141" xTo="104.38" yTo="325" />
			</GraphElements>
		</GraphFrame>
		<GraphFrame id="1">
			<Title><![CDATA[Visualizzazione di un Grafo e albero dei cammini minimi]]></Title>
			<Description><![CDATA[Visualizzazione dell'albero dei cammini minimi (nodi in verde) generato con l'algoritmo di Dijkstra a partire dal nodo 3]]></Description>
			<GraphElements>
				<Cell id="171" label=" &quot;N:1&quot; (ID:171) " x="327" y="79" width="77" height="16" background="#ffff33" foreground="#000000" />
				<Cell id="170" label=" &quot;N:0&quot; (ID:170) " x="159" y="31" width="77" height="16" background="#ffff33" foreground="#000000" />
				<Cell id="175" label=" &quot;N:5&quot; (ID:175) " x="67" y="325" width="77" height="16" background="#ffff33" foreground="#000000" />
				<Cell id="174" label=" &quot;N:4&quot; (ID:174) " x="39" y="125" width="77" height="16" background="#ffff33" foreground="#000000" />
				<Cell id="173" label=" &quot;N:3&quot; (ID:173) " x="258" y="205" width="77" height="16" background="#ffff33" foreground="#000000" />
				<Cell id="172" label=" &quot;N:2&quot; (ID:172) " x="482" y="181" width="77" height="16" background="#ffff33" foreground="#000000" />
				<Cell id="1172" label=" &quot;3&quot; (ID:1172) " x="142" y="376" width="72" height="16" background="#99ff99" foreground="#000000" />
				<Cell id="1173" label=" &quot;1&quot; (ID:1173) " x="65" y="448" width="72" height="16" background="#99ff99" foreground="#000000" />
				<Cell id="1174" label=" &quot;4&quot; (ID:1174) " x="190" y="445" width="72" height="16" background="#99ff99" foreground="#000000" />
				<Cell id="1175" label=" &quot;5&quot; (ID:1175) " x="282" y="443" width="72" height="16" background="#99ff99" foreground="#000000" />
				<Cell id="1176" label=" &quot;0&quot; (ID:1176) " x="149" y="510" width="72" height="16" background="#99ff99" foreground="#000000" />
				<Cell id="1177" label=" &quot;2&quot; (ID:1177) " x="24" y="506" width="72" height="16" background="#99ff99" foreground="#000000" />
				<Cell id="1178" label=" &quot;6&quot; (ID:1178) " x="299" y="510" width="72" height="16" background="#99ff99" foreground="#000000" />
				<Cell id="176" label=" &quot;N:6&quot; (ID:176) " x="388" y="349" width="77" height="16" background="#ffff33" foreground="#000000" />
				<Edge id="1173" label="childs" direct="false" xFrom="95.34" yFrom="464" xTo="65.66" yTo="506" />
				<Edge id="1175" label="childs" direct="false" xFrom="320.03" yFrom="459" xTo="332.97" yTo="510" />
				<Edge id="171" label="adjacencies" direct="false" xFrom="337.5" yFrom="79" xTo="225.5" yTo="47" />
				<Edge id="173" label="adjacencies" direct="false" xFrom="300.88" yFrom="205" xTo="361.12" yTo="95" />
				<Edge id="171" label="adjacencies" direct="false" xFrom="377.66" yFrom="95" xTo="508.34" yTo="181" />
				<Edge id="172" label="adjacencies" direct="false" xFrom="508.34" yFrom="181" xTo="377.66" yTo="95" />
				<Edge id="170" label="adjacencies" direct="false" xFrom="225.5" yFrom="47" xTo="337.5" yTo="79" />
				<Edge id="173" label="adjacencies" direct="false" xFrom="274.6" yFrom="205" xTo="99.4" yTo="141" />
				<Edge id="174" label="adjacencies" direct="false" xFrom="99.4" yFrom="141" xTo="274.6" yTo="205" />
				<Edge id="176" label="adjacencies" direct="false" xFrom="430.98" yFrom="349" xTo="516.02" yTo="197" />
				<Edge id="172" label="adjacencies" direct="false" xFrom="516.02" yFrom="197" xTo="430.98" yTo="349" />
				<Edge id="173" label="adjacencies" direct="false" xFrom="283.77" yFrom="221" xTo="118.23" yTo="325" />
				<Edge id="175" label="adjacencies" direct="false" xFrom="118.23" yFrom="325" xTo="283.77" yTo="221" />
				<Edge id="175" label="adjacencies" direct="false" xFrom="104.38" yFrom="325" xTo="78.62" yTo="141" />
				<Edge id="1172" label="childs" direct="false" xFrom="183.57" yFrom="392" xTo="220.43" yTo="445" />
				<Edge id="176" label="adjacencies" direct="false" xFrom="388" yFrom="354.12" xTo="144" yTo="335.88" />
				<Edge id="174" label="adjacencies" direct="false" xFrom="87.71" yFrom="125" xTo="187.29" yTo="47" />
				<Edge id="175" label="adjacencies" direct="false" xFrom="144" yFrom="335.88" xTo="388" yTo="354.12" />
				<Edge id="1172" label="childs" direct="false" xFrom="194.72" yFrom="392" xTo="301.28" yTo="443" />
				<Edge id="171" label="adjacencies" direct="false" xFrom="361.12" yFrom="95" xTo="300.88" yTo="205" />
				<Edge id="170" label="adjacencies" direct="false" xFrom="187.29" yFrom="47" xTo="87.71" yTo="125" />
				<Edge id="174" label="adjacencies" direct="false" xFrom="78.62" yFrom="141" xTo="104.38" yTo="325" />
				<Edge id="1173" label="childs" direct="false" xFrom="111.84" yFrom="464" xTo="174.16" yTo="510" />
				<Edge id="1172" label="childs" direct="false" xFrom="169.44" yFrom="392" xTo="109.56" yTo="448" />
			</GraphElements>
		</GraphFrame>
		<GraphFrame id="2">
			<Title><![CDATA[Visualizzazione di un Grafo e alberi dei cammini minimi]]></Title>
			<Description><![CDATA[Visualizzazione degli alberi dei cammini minimi (nodi in verde) generati con l'algoritmo di Dijkstra a partire dal nodo 3 e dal nodo 6]]></Description>
			<GraphElements>
				<Cell id="171" label=" &quot;N:1&quot; (ID:171) " x="327" y="79" width="77" height="16" background="#ffff33" foreground="#000000" />
				<Cell id="170" label=" &quot;N:0&quot; (ID:170) " x="159" y="31" width="77" height="16" background="#ffff33" foreground="#000000" />
				<Cell id="175" label=" &quot;N:5&quot; (ID:175) " x="67" y="325" width="77" height="16" background="#ffff33" foreground="#000000" />
				<Cell id="174" label=" &quot;N:4&quot; (ID:174) " x="39" y="125" width="77" height="16" background="#ffff33" foreground="#000000" />
				<Cell id="173" label=" &quot;N:3&quot; (ID:173) " x="258" y="205" width="77" height="16" background="#ffff33" foreground="#000000" />
				<Cell id="172" label=" &quot;N:2&quot; (ID:172) " x="482" y="181" width="77" height="16" background="#ffff33" foreground="#000000" />
				<Cell id="1202" label=" &quot;6&quot; (ID:1202) " x="520" y="282" width="72" height="16" background="#99ff99" foreground="#000000" />
				<Cell id="1203" label=" &quot;2&quot; (ID:1203) " x="542" y="366" width="72" height="16" background="#99ff99" foreground="#000000" />
				<Cell id="1206" label=" &quot;3&quot; (ID:1206) " x="390" y="467" width="72" height="16" background="#99ff99" foreground="#000000" />
				<Cell id="1172" label=" &quot;3&quot; (ID:1172) " x="142" y="376" width="72" height="16" background="#99ff99" foreground="#000000" />
				<Cell id="1207" label=" &quot;4&quot; (ID:1207) " x="453" y="431" width="72" height="16" background="#99ff99" foreground="#000000" />
				<Cell id="1173" label=" &quot;1&quot; (ID:1173) " x="65" y="448" width="72" height="16" background="#99ff99" foreground="#000000" />
				<Cell id="1204" label=" &quot;5&quot; (ID:1204) " x="412" y="368" width="72" height="16" background="#99ff99" foreground="#000000" />
				<Cell id="1174" label=" &quot;4&quot; (ID:1174) " x="190" y="445" width="72" height="16" background="#99ff99" foreground="#000000" />
				<Cell id="1205" label=" &quot;1&quot; (ID:1205) " x="534" y="433" width="72" height="16" background="#99ff99" foreground="#000000" />
				<Cell id="1175" label=" &quot;5&quot; (ID:1175) " x="282" y="443" width="72" height="16" background="#99ff99" foreground="#000000" />
				<Cell id="1176" label=" &quot;0&quot; (ID:1176) " x="149" y="510" width="72" height="16" background="#99ff99" foreground="#000000" />
				<Cell id="1177" label=" &quot;2&quot; (ID:1177) " x="24" y="506" width="72" height="16" background="#99ff99" foreground="#000000" />
				<Cell id="1208" label=" &quot;0&quot; (ID:1208) " x="513" y="503" width="72" height="16" background="#99ff99" foreground="#000000" />
				<Cell id="1178" label=" &quot;6&quot; (ID:1178) " x="299" y="510" width="72" height="16" background="#99ff99" foreground="#000000" />
				<Cell id="176" label=" &quot;N:6&quot; (ID:176) " x="356" y="299" width="77" height="16" background="#ffff33" foreground="#000000" />
				<Edge id="1175" label="childs" direct="false" xFrom="320.03" yFrom="459" xTo="332.97" yTo="510" />
				<Edge id="171" label="adjacencies" direct="false" xFrom="337.5" yFrom="79" xTo="225.5" yTo="47" />
				<Edge id="171" label="adjacencies" direct="false" xFrom="377.66" yFrom="95" xTo="508.34" yTo="181" />
				<Edge id="176" label="adjacencies" direct="false" xFrom="403.04" yFrom="299" xTo="511.96" yTo="197" />
				<Edge id="173" label="adjacencies" direct="false" xFrom="274.6" yFrom="205" xTo="99.4" yTo="141" />
				<Edge id="172" label="adjacencies" direct="false" xFrom="511.96" yFrom="197" xTo="403.04" yTo="299" />
				<Edge id="175" label="adjacencies" direct="false" xFrom="104.38" yFrom="325" xTo="78.62" yTo="141" />
				<Edge id="175" label="adjacencies" direct="false" xFrom="144" yFrom="329.54" xTo="356" yTo="310.46" />
				<Edge id="174" label="adjacencies" direct="false" xFrom="87.71" yFrom="125" xTo="187.29" yTo="47" />
				<Edge id="1172" label="childs" direct="false" xFrom="183.57" yFrom="392" xTo="220.43" yTo="445" />
				<Edge id="170" label="adjacencies" direct="false" xFrom="187.29" yFrom="47" xTo="87.71" yTo="125" />
				<Edge id="1173" label="childs" direct="false" xFrom="111.84" yFrom="464" xTo="174.16" yTo="510" />
				<Edge id="1202" label="childs" direct="false" xFrom="558.1" yFrom="298" xTo="575.9" yTo="366" />
				<Edge id="1203" label="childs" direct="false" xFrom="577.04" yFrom="382" xTo="570.96" yTo="433" />
				<Edge id="1204" label="childs" direct="false" xFrom="453.21" yFrom="384" xTo="483.79" yTo="431" />
				<Edge id="1173" label="childs" direct="false" xFrom="95.34" yFrom="464" xTo="65.66" yTo="506" />
				<Edge id="173" label="adjacencies" direct="false" xFrom="300.88" yFrom="205" xTo="361.12" yTo="95" />
				<Edge id="172" label="adjacencies" direct="false" xFrom="508.34" yFrom="181" xTo="377.66" yTo="95" />
				<Edge id="170" label="adjacencies" direct="false" xFrom="225.5" yFrom="47" xTo="337.5" yTo="79" />
				<Edge id="174" label="adjacencies" direct="false" xFrom="99.4" yFrom="141" xTo="274.6" yTo="205" />
				<Edge id="175" label="adjacencies" direct="false" xFrom="118.23" yFrom="325" xTo="283.77" yTo="221" />
				<Edge id="173" label="adjacencies" direct="false" xFrom="283.77" yFrom="221" xTo="118.23" yTo="325" />
				<Edge id="176" label="adjacencies" direct="false" xFrom="356" yFrom="310.46" xTo="144" yTo="329.54" />
				<Edge id="171" label="adjacencies" direct="false" xFrom="361.12" yFrom="95" xTo="300.88" yTo="205" />
				<Edge id="1172" label="childs" direct="false" xFrom="194.72" yFrom="392" xTo="301.28" yTo="443" />
				<Edge id="174" label="adjacencies" direct="false" xFrom="78.62" yFrom="141" xTo="104.38" yTo="325" />
				<Edge id="1172" label="childs" direct="false" xFrom="169.44" yFrom="392" xTo="109.56" yTo="448" />
				<Edge id="1205" label="childs" direct="false" xFrom="567.6" yFrom="449" xTo="551.4" yTo="503" />
				<Edge id="1204" label="childs" direct="false" xFrom="446.22" yFrom="384" xTo="427.78" yTo="467" />
				<Edge id="1202" label="childs" direct="false" xFrom="545.95" yFrom="298" xTo="458.05" yTo="368" />
			</GraphElements>
		</GraphFrame>
			
		<GraphFrame id="0">
			<Title><![CDATA[Grafo completamente connesso]]></Title>
			<Description><![CDATA[Esempio di visualizzazione di un grafo con 10 nodi, completamente connesso]]></Description>
			<GraphElements>
				<Cell id="171" label=" &quot;N:1&quot; (ID:171) " x="90" y="444" width="77" height="16" background="#99ff99" foreground="#000000" />
				<Cell id="170" label=" &quot;N:0&quot; (ID:170) " x="0" y="169" width="77" height="16" background="#99ff99" foreground="#000000" />
				<Cell id="175" label=" &quot;N:5&quot; (ID:175) " x="90" y="48" width="77" height="16" background="#99ff99" foreground="#000000" />
				<Cell id="174" label=" &quot;N:4&quot; (ID:174) " x="233" y="0" width="77" height="16" background="#99ff99" foreground="#000000" />
				<Cell id="173" label=" &quot;N:3&quot; (ID:173) " x="233" y="489" width="77" height="16" background="#99ff99" foreground="#000000" />
				<Cell id="172" label=" &quot;N:2&quot; (ID:172) " x="378" y="444" width="77" height="16" background="#99ff99" foreground="#000000" />
				<Cell id="178" label=" &quot;N:8&quot; (ID:178) " x="0" y="320" width="77" height="16" background="#99ff99" foreground="#000000" />
				<Cell id="179" label=" &quot;N:9&quot; (ID:179) " x="378" y="48" width="77" height="16" background="#99ff99" foreground="#000000" />
				<Cell id="176" label=" &quot;N:6&quot; (ID:176) " x="465" y="320" width="77" height="16" background="#99ff99" foreground="#000000" />
				<Cell id="177" label=" &quot;N:7&quot; (ID:177) " x="465" y="169" width="77" height="16" background="#99ff99" foreground="#000000" />
				<Edge id="179" label="adjacencies" direct="false" xFrom="419.06" yFrom="64" xTo="500.94" yTo="320" />
				<Edge id="170" label="adjacencies" direct="false" xFrom="49.5" yFrom="185" xTo="405.5" yTo="444" />
				<Edge id="171" label="adjacencies" direct="false" xFrom="167" yFrom="452" xTo="378" yTo="452" />
				<Edge id="174" label="adjacencies" direct="false" xFrom="274.11" yFrom="16" xTo="413.89" yTo="444" />
				<Edge id="173" label="adjacencies" direct="false" xFrom="297.28" yFrom="489" xTo="390.72" yTo="460" />
				<Edge id="176" label="adjacencies" direct="false" xFrom="497.89" yFrom="336" xTo="422.11" yTo="444" />
				<Edge id="171" label="adjacencies" direct="false" xFrom="152.69" yFrom="444" xTo="479.31" yTo="336" />
				<Edge id="175" label="adjacencies" direct="false" xFrom="134.32" yFrom="64" xTo="410.68" yTo="444" />
				<Edge id="172" label="adjacencies" direct="false" xFrom="422.11" yFrom="444" xTo="497.89" yTo="336" />
				<Edge id="178" label="adjacencies" direct="false" xFrom="62.89" yFrom="336" xTo="392.11" yTo="444" />
				<Edge id="173" label="adjacencies" direct="false" xFrom="282.48" yFrom="489" xTo="492.52" yTo="336" />
				<Edge id="177" label="adjacencies" direct="false" xFrom="500.97" yFrom="185" xTo="419.03" yTo="444" />
				<Edge id="174" label="adjacencies" direct="false" xFrom="277.3" yFrom="16" xTo="497.7" yTo="320" />
				<Edge id="175" label="adjacencies" direct="false" xFrom="139.53" yFrom="64" xTo="492.47" yTo="320" />
				<Edge id="179" label="adjacencies" direct="false" xFrom="416.5" yFrom="64" xTo="416.5" yTo="444" />
				<Edge id="177" label="adjacencies" direct="false" xFrom="503.5" yFrom="185" xTo="503.5" yTo="320" />
				<Edge id="178" label="adjacencies" direct="false" xFrom="77" yFrom="328" xTo="465" yTo="328" />
				<Edge id="171" label="adjacencies" direct="false" xFrom="139.41" yFrom="444" xTo="492.59" yTo="185" />
				<Edge id="170" label="adjacencies" direct="false" xFrom="77" yFrom="177" xTo="465" yTo="177" />
				<Edge id="178" label="adjacencies" direct="false" xFrom="41.15" yFrom="320" xTo="125.85" yTo="64" />
				<Edge id="179" label="adjacencies" direct="false" xFrom="378" yFrom="56" xTo="167" yTo="56" />
				<Edge id="173" label="adjacencies" direct="false" xFrom="246.08" yFrom="489" xTo="153.92" yTo="460" />
				<Edge id="172" label="adjacencies" direct="false" xFrom="378" yFrom="452" xTo="167" yTo="452" />
				<Edge id="170" label="adjacencies" direct="false" xFrom="41.12" yFrom="185" xTo="125.88" yTo="444" />
				<Edge id="177" label="adjacencies" direct="false" xFrom="492.59" yFrom="185" xTo="139.41" yTo="444" />
				<Edge id="172" label="adjacencies" direct="false" xFrom="410.68" yFrom="444" xTo="134.32" yTo="64" />
				<Edge id="176" label="adjacencies" direct="false" xFrom="479.31" yFrom="336" xTo="152.69" yTo="444" />
				<Edge id="173" label="adjacencies" direct="false" xFrom="268.91" yFrom="489" xTo="131.09" yTo="64" />
				<Edge id="175" label="adjacencies" direct="false" xFrom="128.5" yFrom="64" xTo="128.5" yTo="444" />
				<Edge id="170" label="adjacencies" direct="false" xFrom="44.45" yFrom="169" xTo="122.55" yTo="64" />
				<Edge id="174" label="adjacencies" direct="false" xFrom="268.92" yFrom="16" xTo="131.08" yTo="444" />
				<Edge id="171" label="adjacencies" direct="false" xFrom="128.5" yFrom="444" xTo="128.5" yTo="64" />
				<Edge id="176" label="adjacencies" direct="false" xFrom="492.47" yFrom="320" xTo="139.53" yTo="64" />
				<Edge id="177" label="adjacencies" direct="false" xFrom="478.71" yFrom="169" xTo="153.29" yTo="64" />
				<Edge id="179" label="adjacencies" direct="false" xFrom="410.68" yFrom="64" xTo="134.32" yTo="444" />
				<Edge id="174" label="adjacencies" direct="false" xFrom="247.67" yFrom="16" xTo="152.33" yTo="48" />
				<Edge id="178" label="adjacencies" direct="false" xFrom="44.31" yFrom="336" xTo="122.69" yTo="444" />
				<Edge id="175" label="adjacencies" direct="false" xFrom="167" yFrom="56" xTo="378" yTo="56" />
				<Edge id="174" label="adjacencies" direct="false" xFrom="295.67" yFrom="16" xTo="392.33" yTo="48" />
				<Edge id="177" label="adjacencies" direct="false" xFrom="497.75" yFrom="169" xTo="422.25" yTo="64" />
				<Edge id="176" label="adjacencies" direct="false" xFrom="500.94" yFrom="320" xTo="419.06" yTo="64" />
				<Edge id="170" label="adjacencies" direct="false" xFrom="63.14" yFrom="185" xTo="478.86" yTo="320" />
				<Edge id="178" label="adjacencies" direct="false" xFrom="49.62" yFrom="320" xTo="405.38" yTo="64" />
				<Edge id="172" label="adjacencies" direct="false" xFrom="405.5" yFrom="444" xTo="49.5" yTo="185" />
				<Edge id="171" label="adjacencies" direct="false" xFrom="125.88" yFrom="444" xTo="41.12" yTo="185" />
				<Edge id="177" label="adjacencies" direct="false" xFrom="492.52" yFrom="169" xTo="282.48" yTo="16" />
				<Edge id="178" label="adjacencies" direct="false" xFrom="44.32" yFrom="320" xTo="265.68" yTo="16" />
				<Edge id="179" label="adjacencies" direct="false" xFrom="392.33" yFrom="48" xTo="295.67" yTo="16" />
				<Edge id="173" label="adjacencies" direct="false" xFrom="271.5" yFrom="489" xTo="271.5" yTo="16" />
				<Edge id="172" label="adjacencies" direct="false" xFrom="416.5" yFrom="444" xTo="416.5" yTo="64" />
				<Edge id="178" label="adjacencies" direct="false" xFrom="38.5" yFrom="320" xTo="38.5" yTo="185" />
				<Edge id="173" label="adjacencies" direct="false" xFrom="274.13" yFrom="489" xTo="413.87" yTo="64" />
				<Edge id="177" label="adjacencies" direct="false" xFrom="465" yFrom="177" xTo="77" yTo="177" />
				<Edge id="170" label="adjacencies" direct="false" xFrom="63.49" yFrom="169" xTo="391.51" yTo="64" />
				<Edge id="175" label="adjacencies" direct="false" xFrom="152.33" yFrom="48" xTo="247.67" yTo="16" />
				<Edge id="171" label="adjacencies" direct="false" xFrom="134.32" yFrom="444" xTo="410.68" yTo="64" />
				<Edge id="176" label="adjacencies" direct="false" xFrom="497.7" yFrom="320" xTo="277.3" yTo="16" />
				<Edge id="179" label="adjacencies" direct="false" xFrom="391.51" yFrom="64" xTo="63.49" yTo="169" />
				<Edge id="174" label="adjacencies" direct="false" xFrom="260.47" yFrom="16" xTo="49.53" yTo="169" />
				<Edge id="170" label="adjacencies" direct="false" xFrom="49.53" yFrom="169" xTo="260.47" yTo="16" />
				<Edge id="173" label="adjacencies" direct="false" xFrom="265.68" yFrom="489" xTo="44.32" yTo="185" />
				<Edge id="171" label="adjacencies" direct="false" xFrom="131.08" yFrom="444" xTo="268.92" yTo="16" />
				<Edge id="176" label="adjacencies" direct="false" xFrom="478.86" yFrom="320" xTo="63.14" yTo="185" />
				<Edge id="172" label="adjacencies" direct="false" xFrom="413.89" yFrom="444" xTo="274.11" yTo="16" />
				<Edge id="175" label="adjacencies" direct="false" xFrom="122.55" yFrom="64" xTo="44.45" yTo="169" />
				<Edge id="179" label="adjacencies" direct="false" xFrom="405.38" yFrom="64" xTo="49.62" yTo="320" />
				<Edge id="177" label="adjacencies" direct="false" xFrom="478.86" yFrom="185" xTo="63.14" yTo="320" />
				<Edge id="176" label="adjacencies" direct="false" xFrom="465" yFrom="328" xTo="77" yTo="328" />
				<Edge id="175" label="adjacencies" direct="false" xFrom="125.85" yFrom="64" xTo="41.15" yTo="320" />
				<Edge id="174" label="adjacencies" direct="false" xFrom="265.68" yFrom="16" xTo="44.32" yTo="320" />
				<Edge id="173" label="adjacencies" direct="false" xFrom="260.47" yFrom="489" xTo="49.53" yTo="336" />
				<Edge id="178" label="adjacencies" direct="false" xFrom="49.53" yFrom="336" xTo="260.47" yTo="489" />
				<Edge id="179" label="adjacencies" direct="false" xFrom="413.87" yFrom="64" xTo="274.13" yTo="489" />
				<Edge id="176" label="adjacencies" direct="false" xFrom="492.52" yFrom="336" xTo="282.48" yTo="489" />
				<Edge id="177" label="adjacencies" direct="false" xFrom="497.7" yFrom="185" xTo="277.3" yTo="489" />
				<Edge id="174" label="adjacencies" direct="false" xFrom="271.5" yFrom="16" xTo="271.5" yTo="489" />
				<Edge id="170" label="adjacencies" direct="false" xFrom="38.5" yFrom="185" xTo="38.5" yTo="320" />
				<Edge id="175" label="adjacencies" direct="false" xFrom="131.09" yFrom="64" xTo="268.91" yTo="489" />
				<Edge id="171" label="adjacencies" direct="false" xFrom="122.69" yFrom="444" xTo="44.31" yTo="336" />
				<Edge id="172" label="adjacencies" direct="false" xFrom="390.72" yFrom="460" xTo="297.28" yTo="489" />
				<Edge id="172" label="adjacencies" direct="false" xFrom="392.11" yFrom="444" xTo="62.89" yTo="336" />
				<Edge id="170" label="adjacencies" direct="false" xFrom="44.32" yFrom="185" xTo="265.68" yTo="489" />
				<Edge id="171" label="adjacencies" direct="false" xFrom="153.92" yFrom="460" xTo="246.08" yTo="489" />
				<Edge id="176" label="adjacencies" direct="false" xFrom="503.5" yFrom="320" xTo="503.5" yTo="185" />
				<Edge id="179" label="adjacencies" direct="false" xFrom="422.25" yFrom="64" xTo="497.75" yTo="169" />
				<Edge id="178" label="adjacencies" direct="false" xFrom="63.14" yFrom="320" xTo="478.86" yTo="185" />
				<Edge id="173" label="adjacencies" direct="false" xFrom="277.3" yFrom="489" xTo="497.7" yTo="185" />
				<Edge id="172" label="adjacencies" direct="false" xFrom="419.03" yFrom="444" xTo="500.97" yTo="185" />
				<Edge id="175" label="adjacencies" direct="false" xFrom="153.29" yFrom="64" xTo="478.71" yTo="169" />
				<Edge id="174" label="adjacencies" direct="false" xFrom="282.48" yFrom="16" xTo="492.52" yTo="169" />
			</GraphElements>
		</GraphFrame>
		
		<GraphFrame id="1">
			<Title><![CDATA[Grafo completamente connesso e albero dei cammini minimi]]></Title>
			<Description><![CDATA[Esempio di visualizzazione di un grafo con 10 nodi, completamente connesso e di un albero dei cammini minimi estratto a partire dal nodo con valore 5]]></Description>
			<GraphElements>
				<Cell id="171" label=" &quot;N:1&quot; (ID:171) " x="642" y="24" width="77" height="16" background="#99ff99" foreground="#000000" />
				<Cell id="1187" label=" &quot;5&quot; (ID:1187) " x="202" y="94" width="72" height="16" background="#ff99cc" foreground="#000000" />
				<Cell id="170" label=" &quot;N:0&quot; (ID:170) " x="886" y="202" width="77" height="16" background="#99ff99" foreground="#000000" />
				<Cell id="175" label=" &quot;N:5&quot; (ID:175) " x="956" y="339" width="77" height="16" background="#99ff99" foreground="#000000" />
				<Cell id="1191" label=" &quot;3&quot; (ID:1191) " x="0" y="490" width="72" height="16" background="#ff99cc" foreground="#000000" />
				<Cell id="174" label=" &quot;N:4&quot; (ID:174) " x="981" y="490" width="77" height="16" background="#99ff99" foreground="#000000" />
				<Cell id="1190" label=" &quot;2&quot; (ID:1190) " x="339" y="956" width="72" height="16" background="#ff99cc" foreground="#000000" />
				<Cell id="1189" label=" &quot;1&quot; (ID:1189) " x="24" y="642" width="72" height="16" background="#ff99cc" foreground="#000000" />
				<Cell id="173" label=" &quot;N:3&quot; (ID:173) " x="490" y="981" width="77" height="16" background="#99ff99" foreground="#000000" />
				<Cell id="1188" label=" &quot;0&quot; (ID:1188) " x="339" y="24" width="72" height="16" background="#ff99cc" foreground="#000000" />
				<Cell id="172" label=" &quot;N:2&quot; (ID:172) " x="642" y="956" width="77" height="16" background="#99ff99" foreground="#000000" />
				<Cell id="1195" label=" &quot;8&quot; (ID:1195) " x="490" y="0" width="72" height="16" background="#ff99cc" foreground="#000000" />
				<Cell id="1194" label=" &quot;7&quot; (ID:1194) " x="202" y="886" width="72" height="16" background="#ff99cc" foreground="#000000" />
				<Cell id="1193" label=" &quot;6&quot; (ID:1193) " x="94" y="779" width="72" height="16" background="#ff99cc" foreground="#000000" />
				<Cell id="1192" label=" &quot;4&quot; (ID:1192) " x="94" y="202" width="72" height="16" background="#ff99cc" foreground="#000000" />
				<Cell id="1196" label=" &quot;9&quot; (ID:1196) " x="24" y="339" width="72" height="16" background="#ff99cc" foreground="#000000" />
				<Cell id="178" label=" &quot;N:8&quot; (ID:178) " x="779" y="94" width="77" height="16" background="#99ff99" foreground="#000000" />
				<Cell id="179" label=" &quot;N:9&quot; (ID:179) " x="956" y="642" width="77" height="16" background="#99ff99" foreground="#000000" />
				<Cell id="176" label=" &quot;N:6&quot; (ID:176) " x="779" y="886" width="77" height="16" background="#99ff99" foreground="#000000" />
				<Cell id="177" label=" &quot;N:7&quot; (ID:177) " x="886" y="779" width="77" height="16" background="#99ff99" foreground="#000000" />
				<Edge id="179" label="adjacencies" direct="false" xFrom="988.7" yFrom="658" xTo="823.3" yTo="886" />
				<Edge id="171" label="adjacencies" direct="false" xFrom="681.77" yFrom="40" xTo="816.23" yTo="886" />
				<Edge id="172" label="adjacencies" direct="false" xFrom="696.16" yFrom="956" xTo="801.84" yTo="902" />
				<Edge id="173" label="adjacencies" direct="false" xFrom="552.84" yFrom="981" xTo="793.16" yTo="902" />
				<Edge id="1187" label="childs" direct="false" xFrom="235.4" yFrom="110" xTo="62.6" yTo="642" />
				<Edge id="174" label="adjacencies" direct="false" xFrom="1015.42" yFrom="506" xTo="821.58" yTo="886" />
				<Edge id="175" label="adjacencies" direct="false" xFrom="991.91" yFrom="355" xTo="820.09" yTo="886" />
				<Edge id="177" label="adjacencies" direct="false" xFrom="916.5" yFrom="795" xTo="825.5" yTo="886" />
				<Edge id="178" label="adjacencies" direct="false" xFrom="817.5" yFrom="110" xTo="817.5" yTo="886" />
				<Edge id="171" label="adjacencies" direct="false" xFrom="683.09" yFrom="40" xTo="921.91" yTo="779" />
				<Edge id="170" label="adjacencies" direct="false" xFrom="924.5" yFrom="218" xTo="924.5" yTo="779" />
				<Edge id="178" label="adjacencies" direct="false" xFrom="823.28" yFrom="110" xTo="988.72" yTo="339" />
				<Edge id="179" label="adjacencies" direct="false" xFrom="994.5" yFrom="642" xTo="994.5" yTo="355" />
				<Edge id="172" label="adjacencies" direct="false" xFrom="684.57" yFrom="956" xTo="990.43" yTo="355" />
				<Edge id="173" label="adjacencies" direct="false" xFrom="534.31" yFrom="981" xTo="988.69" yTo="355" />
				<Edge id="170" label="adjacencies" direct="false" xFrom="928.59" yFrom="218" xTo="990.41" yTo="339" />
				<Edge id="171" label="adjacencies" direct="false" xFrom="688.47" yFrom="40" xTo="986.53" yTo="339" />
				<Edge id="176" label="adjacencies" direct="false" xFrom="820.09" yFrom="886" xTo="991.91" yTo="355" />
				<Edge id="177" label="adjacencies" direct="false" xFrom="925.77" yFrom="779" xTo="993.23" yTo="355" />
				<Edge id="174" label="adjacencies" direct="false" xFrom="1018.18" yFrom="490" xTo="995.82" yTo="355" />
				<Edge id="1187" label="childs" direct="false" xFrom="239.27" yFrom="110" xTo="373.73" yTo="956" />
				<Edge id="170" label="adjacencies" direct="false" xFrom="923.25" yFrom="218" xTo="818.75" yTo="886" />
				<Edge id="177" label="adjacencies" direct="false" xFrom="927.13" yFrom="779" xTo="1016.87" yTo="506" />
				<Edge id="178" label="adjacencies" direct="false" xFrom="821.58" yFrom="110" xTo="1015.42" yTo="490" />
				<Edge id="179" label="adjacencies" direct="false" xFrom="995.82" yFrom="642" xTo="1018.18" yTo="506" />
				<Edge id="173" label="adjacencies" direct="false" xFrom="536.5" yFrom="981" xTo="1011.5" yTo="506" />
				<Edge id="1187" label="childs" direct="false" xFrom="233.92" yFrom="110" xTo="40.08" yTo="490" />
				<Edge id="175" label="adjacencies" direct="false" xFrom="995.82" yFrom="355" xTo="1018.18" yTo="490" />
				<Edge id="176" label="adjacencies" direct="false" xFrom="821.58" yFrom="886" xTo="1015.42" yTo="506" />
				<Edge id="170" label="adjacencies" direct="false" xFrom="927.14" yFrom="218" xTo="1016.86" yTo="490" />
				<Edge id="171" label="adjacencies" direct="false" xFrom="686.32" yFrom="40" xTo="1013.68" yTo="490" />
				<Edge id="172" label="adjacencies" direct="false" xFrom="686.32" yFrom="956" xTo="1013.68" yTo="506" />
				<Edge id="178" label="adjacencies" direct="false" xFrom="814.89" yFrom="110" xTo="531.11" yTo="981" />
				<Edge id="179" label="adjacencies" direct="false" xFrom="983.5" yFrom="658" xTo="539.5" yTo="981" />
				<Edge id="176" label="adjacencies" direct="false" xFrom="793.16" yFrom="902" xTo="552.84" yTo="981" />
				<Edge id="177" label="adjacencies" direct="false" xFrom="908.82" yFrom="795" xTo="544.18" yTo="981" />
				<Edge id="174" label="adjacencies" direct="false" xFrom="1011.5" yFrom="506" xTo="536.5" yTo="981" />
				<Edge id="175" label="adjacencies" direct="false" xFrom="988.69" yFrom="355" xTo="534.31" yTo="981" />
				<Edge id="1187" label="childs" direct="false" xFrom="230" yFrom="110" xTo="138" yTo="202" />
				<Edge id="172" label="adjacencies" direct="false" xFrom="642" yFrom="970.33" xTo="567" yTo="982.67" />
				<Edge id="170" label="adjacencies" direct="false" xFrom="920.43" yFrom="218" xTo="532.57" yTo="981" />
				<Edge id="171" label="adjacencies" direct="false" xFrom="679.23" yFrom="40" xTo="529.77" yTo="981" />
				<Edge id="170" label="adjacencies" direct="false" xFrom="921.91" yFrom="218" xTo="683.09" yTo="956" />
				<Edge id="171" label="adjacencies" direct="false" xFrom="680.5" yFrom="40" xTo="680.5" yTo="956" />
				<Edge id="174" label="adjacencies" direct="false" xFrom="1013.68" yFrom="506" xTo="686.32" yTo="956" />
				<Edge id="173" label="adjacencies" direct="false" xFrom="567" yFrom="982.67" xTo="642" yTo="970.33" />
				<Edge id="1187" label="childs" direct="false" xFrom="236.74" yFrom="110" xTo="131.26" yTo="779" />
				<Edge id="176" label="adjacencies" direct="false" xFrom="801.84" yFrom="902" xTo="696.16" yTo="956" />
				<Edge id="175" label="adjacencies" direct="false" xFrom="990.43" yFrom="355" xTo="684.57" yTo="956" />
				<Edge id="178" label="adjacencies" direct="false" xFrom="816.23" yFrom="110" xTo="681.77" yTo="956" />
				<Edge id="177" label="adjacencies" direct="false" xFrom="913.47" yFrom="795" xTo="691.53" yTo="956" />
				<Edge id="179" label="adjacencies" direct="false" xFrom="986.5" yFrom="658" xTo="688.5" yTo="956" />
				<Edge id="173" label="adjacencies" direct="false" xFrom="529.77" yFrom="981" xTo="679.23" yTo="40" />
				<Edge id="172" label="adjacencies" direct="false" xFrom="680.5" yFrom="956" xTo="680.5" yTo="40" />
				<Edge id="170" label="adjacencies" direct="false" xFrom="913.53" yFrom="202" xTo="691.47" yTo="40" />
				<Edge id="177" label="adjacencies" direct="false" xFrom="921.91" yFrom="779" xTo="683.09" yTo="40" />
				<Edge id="176" label="adjacencies" direct="false" xFrom="816.23" yFrom="886" xTo="681.77" yTo="40" />
				<Edge id="175" label="adjacencies" direct="false" xFrom="986.53" yFrom="339" xTo="688.47" yTo="40" />
				<Edge id="174" label="adjacencies" direct="false" xFrom="1013.68" yFrom="490" xTo="686.32" yTo="40" />
				<Edge id="179" label="adjacencies" direct="false" xFrom="990.44" yFrom="642" xTo="684.56" yTo="40" />
				<Edge id="178" label="adjacencies" direct="false" xFrom="801.84" yFrom="94" xTo="696.16" yTo="40" />
				<Edge id="175" label="adjacencies" direct="false" xFrom="994.5" yFrom="355" xTo="994.5" yTo="642" />
				<Edge id="174" label="adjacencies" direct="false" xFrom="1018.18" yFrom="506" xTo="995.82" yTo="642" />
				<Edge id="177" label="adjacencies" direct="false" xFrom="928.59" yFrom="779" xTo="990.41" yTo="658" />
				<Edge id="176" label="adjacencies" direct="false" xFrom="823.3" yFrom="886" xTo="988.7" yTo="658" />
				<Edge id="178" label="adjacencies" direct="false" xFrom="820.08" yFrom="110" xTo="991.92" yTo="642" />
				<Edge id="1187" label="childs" direct="false" xFrom="238" yFrom="110" xTo="238" yTo="886" />
				<Edge id="172" label="adjacencies" direct="false" xFrom="683.09" yFrom="956" xTo="921.91" yTo="218" />
				<Edge id="171" label="adjacencies" direct="false" xFrom="691.47" yFrom="40" xTo="913.53" yTo="202" />
				<Edge id="178" label="adjacencies" direct="false" xFrom="825.43" yFrom="110" xTo="916.57" yTo="202" />
				<Edge id="172" label="adjacencies" direct="false" xFrom="688.5" yFrom="956" xTo="986.5" yTo="658" />
				<Edge id="177" label="adjacencies" direct="false" xFrom="924.5" yFrom="779" xTo="924.5" yTo="218" />
				<Edge id="173" label="adjacencies" direct="false" xFrom="539.5" yFrom="981" xTo="983.5" yTo="658" />
				<Edge id="170" label="adjacencies" direct="false" xFrom="925.77" yFrom="218" xTo="993.23" yTo="642" />
				<Edge id="179" label="adjacencies" direct="false" xFrom="993.23" yFrom="642" xTo="925.77" yTo="218" />
				<Edge id="171" label="adjacencies" direct="false" xFrom="684.56" yFrom="40" xTo="990.44" yTo="642" />
				<Edge id="174" label="adjacencies" direct="false" xFrom="1016.86" yFrom="490" xTo="927.14" yTo="218" />
				<Edge id="173" label="adjacencies" direct="false" xFrom="532.57" yFrom="981" xTo="920.43" yTo="218" />
				<Edge id="176" label="adjacencies" direct="false" xFrom="818.75" yFrom="886" xTo="923.25" yTo="218" />
				<Edge id="175" label="adjacencies" direct="false" xFrom="990.41" yFrom="339" xTo="928.59" yTo="218" />
				<Edge id="179" label="adjacencies" direct="false" xFrom="991.92" yFrom="642" xTo="820.08" yTo="110" />
				<Edge id="1187" label="childs" direct="false" xFrom="253.66" yFrom="94" xTo="359.34" yTo="40" />
				<Edge id="177" label="adjacencies" direct="false" xFrom="923.25" yFrom="779" xTo="818.75" yTo="110" />
				<Edge id="176" label="adjacencies" direct="false" xFrom="817.5" yFrom="886" xTo="817.5" yTo="110" />
				<Edge id="175" label="adjacencies" direct="false" xFrom="988.72" yFrom="339" xTo="823.28" yTo="110" />
				<Edge id="174" label="adjacencies" direct="false" xFrom="1015.42" yFrom="490" xTo="821.58" yTo="110" />
				<Edge id="173" label="adjacencies" direct="false" xFrom="531.11" yFrom="981" xTo="814.89" yTo="110" />
				<Edge id="1187" label="childs" direct="false" xFrom="262.51" yFrom="94" xTo="501.49" yTo="16" />
				<Edge id="170" label="adjacencies" direct="false" xFrom="916.57" yFrom="202" xTo="825.43" yTo="110" />
				<Edge id="171" label="adjacencies" direct="false" xFrom="696.16" yFrom="40" xTo="801.84" yTo="94" />
				<Edge id="172" label="adjacencies" direct="false" xFrom="681.77" yFrom="956" xTo="816.23" yTo="110" />
				<Edge id="176" label="adjacencies" direct="false" xFrom="825.5" yFrom="886" xTo="916.5" yTo="795" />
				<Edge id="179" label="adjacencies" direct="false" xFrom="990.41" yFrom="658" xTo="928.59" yTo="779" />
				<Edge id="178" label="adjacencies" direct="false" xFrom="818.75" yFrom="110" xTo="923.25" yTo="779" />
				<Edge id="173" label="adjacencies" direct="false" xFrom="544.18" yFrom="981" xTo="908.82" yTo="795" />
				<Edge id="172" label="adjacencies" direct="false" xFrom="691.53" yFrom="956" xTo="913.47" yTo="795" />
				<Edge id="175" label="adjacencies" direct="false" xFrom="993.23" yFrom="355" xTo="925.77" yTo="779" />
				<Edge id="174" label="adjacencies" direct="false" xFrom="1016.87" yFrom="506" xTo="927.13" yTo="779" />
				<Edge id="1187" label="childs" direct="false" xFrom="232.19" yFrom="110" xTo="65.81" yTo="339" />
			</GraphElements>
		</GraphFrame>
		
	</ExportFrames>
</AlgoExplorerPresentation>
